"faculty_id","class_assignment","posterior_class_1","posterior_class_2","posterior_class_3","posterior_class_4","posterior_class_5","posterior_class_6","posterior_class_7","posterior_class_8","posterior_class_9","posterior_class_10","faculty_name","university","career_start_year","never_asst_prof","career_length","n_promotions","mean_pub_count"
55,1,0.737252113515814,6.52190202142942e-36,1.36107090831714e-14,3.31730123758719e-05,0.00019169982316868,0.245130178498666,9.61718236219977e-18,2.02503473684915e-07,0.0173911420062298,1.49064025800859e-06,"Afra Saeed Ahmad","George Mason University",2016,0,10,1,2.1
100,1,0.988872481505994,5.00519143012729e-51,1.07451056374909e-92,5.6040002895428e-10,3.99063772415256e-05,0.00941253682415237,2.08264964481033e-27,6.63543592136113e-11,0.00167506439668849,1.02691690917107e-08,"Alyssa Gibbons","Colorado State University",2007,0,15,1,2
67,1,0.598129731240688,6.10385068740994e-41,9.62605560226163e-34,0.000232851491784315,2.55222255124764e-09,0.173582223326499,7.63782648738969e-19,2.21975416095458e-09,0.228055189169042,8.93961029331818e-15,"C. Shawn Burke","University of Central Florida",2011,1,15,1,2.66666666666667
24,1,0.999737827856103,3.00228114067464e-89,0,1.95261659654446e-20,8.13195845018582e-08,0.000168311941499669,4.64645772809763e-51,2.91614883978628e-25,9.37788828127866e-05,1.5743491580341e-19,"Richard D. Harvey","Saint Louis University",1995,1,31,0,2.19354838709677
72,1,0.513967857157367,6.98854160467411e-25,7.32696748199893e-07,0.0210405130219019,1.2353073758522e-05,0.255987963919354,2.69034837450837e-11,6.54065564812221e-08,0.208990435956712,7.87406983284479e-08,"Shiyang Su","University of Central Florida",2018,0,8,0,2.375
84,1,0.907256549137291,3.85741430624273e-79,0,5.94679570127106e-15,7.29156820026042e-09,0.089354597098665,7.16324180849819e-43,1.12386831346922e-15,0.00338884647246896,3.43425798229446e-21,"Sylvia Roch","University at Albany, SUNY",1997,0,29,2,2.6551724137931
126,1,0.319031738121913,9.11973753055132e-14,2.01037120412097e-05,0.198125657149038,0.00127075976583615,0.251633860162395,1.5388341366732e-06,5.95557475049916e-06,0.229708167319506,0.000202219360292549,"Tiffany Bisbey","George Washington University",2022,0,4,0,2.25
1,2,3.81817903705558e-16,0.935906310361857,2.75443908141165e-29,1.71166367822787e-06,2.36085340411197e-33,9.96107939742772e-20,0.064091977800215,2.11021097952551e-38,1.74248872747961e-10,2.85665086165036e-38,"Bo Zhang","University of Illinois Urbana-Champaign",2020,0,6,1,14.8333333333333
16,2,2.9189992393118e-07,0.641625528637384,2.60816293038656e-20,0.0109887810153521,8.50792770918929e-16,1.81711513955637e-09,0.347256875572905,1.96027056721032e-20,0.000128521057318078,1.10991195214707e-17,"Ian Hughes","Texas A&M University",2023,0,3,0,13.3333333333333
35,2,6.56288843602879e-47,0.999999046796212,1.33104320669217e-34,2.05542388318907e-20,1.30662391667339e-84,8.9702992066952e-50,9.53203787735569e-07,5.06460267601277e-78,4.02790270616046e-32,8.75910637366564e-100,"Louis Tay","Purdue University",2013,0,13,2,17.8461538461538
125,2,2.16030813945057e-65,0.99999149709314,6.69769423525883e-120,3.70068797895583e-22,1.69210480741307e-117,3.90595325868302e-60,8.50290686004189e-06,3.20461642351881e-84,1.38446961518677e-41,4.24960343704076e-148,"Nils Olsen","George Washington University",2002,0,24,1,15
23,2,2.63055290664754e-20,0.999631920139022,1.21382900591591e-37,2.88847751876209e-10,1.02576484531296e-37,2.00219488935845e-24,0.000368079572109864,6.68435470796993e-44,2.05611268601288e-14,3.03930157666036e-42,"Xiaowen Chen","Saint Louis University",2021,0,5,0,19.6
116,3,5.01620461632634e-173,1.19068445658186e-97,1,2.6748930219388e-111,1.86380473637111e-217,2.72457520892902e-146,3.72982554852345e-97,3.27653583633668e-132,1.56057169873262e-144,2.26572903108896e-257,"Cong Liu","Rutgers University",2003,0,23,2,25.6521739130435
103,3,0.0114003773235873,1.96699951446541e-31,0.653231655441387,2.22798023563074e-06,0.089805042943252,0.203454721607597,4.09901234990875e-17,0.0176195711738473,0.00010157895328516,0.0243848245768079,"Vahe Permzadian","Missouri University of Science & Technology",2020,0,6,0,1.16666666666667
64,4,1.00877129226158e-10,4.61053027345092e-38,6.74702279498867e-209,0.995463960551972,7.8676702003578e-32,0.000386839451474973,2.99929165419642e-14,3.8315808835255e-11,0.00414919985733002,1.30897698623241e-52,"Alicia Grandey","Pennsylvania State University",1999,0,27,2,5.18518518518519
105,4,0.00811732710108764,1.24530311207056e-05,9.0977719900858e-10,0.875391567035613,1.96326273644539e-07,0.0010943221115234,0.015087357444725,2.15734471950816e-10,0.100296760827403,1.4996741227224e-08,"Andrea Bazzoli","CUNY Graduate Center",2023,0,3,0,6.33333333333333
79,4,2.65472515788813e-08,6.407506303287e-18,2.45384681073323e-15,0.997672168293765,3.04720719058047e-26,8.21254480763185e-09,1.72525966843321e-05,3.48621146280389e-22,0.00231054434975177,3.21502774117136e-35,"Asia A. Eaton","Florida International University",2012,0,14,2,6
34,4,2.63086725808765e-09,2.33475461318771e-10,1.0173201342517e-18,0.963949248430108,1.49408040578303e-28,1.73504474190975e-11,0.0352610429460259,1.36575175219683e-28,0.000789705742173255,1.93833340497039e-36,"Brooke N. Macnamara","Purdue University",2014,0,12,1,7.5
95,4,4.96208151091526e-14,1.07826290222607e-18,6.6796864220168e-84,0.999899385593327,8.04332072258696e-41,4.3675629274861e-13,6.19771143485462e-05,9.89384622177277e-29,3.8637291837965e-05,4.49502029550352e-57,"Bryan Dik","Colorado State University",2005,0,21,2,7.0952380952381
91,4,0.00361493468304549,3.43862149303799e-17,3.99156471997066e-11,0.770829741262075,2.96958430580832e-13,0.000164730007045705,2.13143625536081e-06,1.09938308797269e-15,0.225388462571364,3.18138440284593e-17,"Charles Calderwood","Virginia Tech",2017,0,9,1,4.44444444444444
70,4,0.0368626783547107,5.89988949495414e-16,1.16571246202695e-08,0.620403819184144,3.38758472159708e-09,0.00418437353656101,2.15527104637461e-06,4.62560601031652e-12,0.338546958595537,8.66540927437451e-12,"Chelsea LeNoble","University of Central Florida",2019,0,7,0,3.85714285714286
7,4,9.29636128874206e-17,1.89053281641625e-16,3.72404829356289e-72,0.998903734294646,1.05225225837502e-44,1.43106426343833e-14,0.00109531205425763,6.31926104736732e-29,9.53651081734516e-07,3.59860456593738e-62,"Chu-Hsiang (Daisy) Chang","Michigan State University",2005,0,21,2,7.14285714285714
30,4,0.0071739014369729,2.7369469773085e-05,7.26602167872405e-11,0.869655960110692,1.06495633693e-07,0.000694090310056959,0.0218657577949736,6.22132977257914e-11,0.100582806078582,8.16844183506856e-09,"Claire E. Smith","University of South Florida",2023,0,3,0,6
48,4,1.5022208257547e-13,4.04561654672717e-20,1.64730982662835e-81,0.999930720084882,1.7284947174831e-39,2.95372111653071e-12,1.24098890489864e-05,6.96488967237409e-27,5.68700229647625e-05,1.30648328954671e-55,"Daniel A Newman","University of Illinois Urbana-Champaign",2005,0,21,2,6.57142857142857
27,4,0.157230348622974,1.77357681534453e-09,2.28972129299168e-06,0.506730140322605,0.000508160221995943,0.0852379541733023,0.000141266926184292,2.24048710541913e-06,0.250027970986652,0.000119626764311166,"Daniel Griffin","University of South Florida",2023,0,3,0,3
40,4,0.00563646843624227,4.75021936605486e-16,6.97542642508299e-09,0.794176568737202,7.98038440830579e-12,0.00045987568058306,4.39618694869579e-06,3.09590905542809e-14,0.199722683975583,3.03773141729393e-15,"Danielle King","Rice University",2018,0,8,1,5.125
22,4,0.00488577363908059,1.61113359354334e-09,3.0984193216601e-10,0.88100622699447,1.09684393100007e-09,0.000374110868555965,0.000943105926524015,5.80974119321926e-13,0.112790779542499,1.04704394619458e-11,"Denise Reyes","University of Houston",2021,0,5,0,5.2
106,4,0.196086321059354,3.31810532384061e-12,3.00405442477409e-06,0.417477709570161,0.000146234741933866,0.0985188881299528,1.33613732435966e-05,4.54445616389318e-07,0.287738435444996,1.5591176999851e-05,"Dia Chatterjee","CUNY Graduate Center",2022,0,4,0,2.75
80,4,0.00104098108592812,1.7433151285427e-18,1.99019656366121e-09,0.853556048806462,8.50079269865255e-15,9.17825268266261e-05,9.68821072226245e-07,6.34460738621266e-16,0.145310216769505,1.43388316700697e-19,"Don Zhang","Louisiana State University",2016,0,10,1,4.8
33,4,3.39404669018217e-06,9.18412628099056e-09,5.85774415232051e-14,0.970223529216503,2.92241278746217e-19,3.01156107985007e-08,0.0210427479451656,2.87433728975108e-22,0.0087302894918455,8.61372741299099e-24,"Franki Y. H. Kung","Purdue University",2018,0,8,1,6.875
45,4,4.08428497771963e-36,1.2208178210387e-24,0,0.999999746649045,7.40669204468095e-70,1.20397923781123e-14,2.53350919607041e-07,2.91817689150449e-37,2.33817427270802e-14,1.72179264087257e-115,"Fritz Drasgow","University of Illinois Urbana-Champaign",1982,0,40,2,7.325
88,4,0.00266399493099496,2.57940382876794e-13,3.91008139329907e-09,0.877093517094425,8.79552514882244e-12,0.000191171743532921,5.46808169403762e-05,1.62254940216277e-14,0.119996631494948,7.80675288858761e-15,"Gargi Sawhney","Auburn University",2019,0,7,1,4.71428571428571
82,4,0.00986535103095868,8.31689568169266e-06,9.9563166568734e-10,0.867226279919472,2.99927470912041e-07,0.00137268420065282,0.0122551352725905,3.22887681588923e-10,0.109271906795411,2.46392434731695e-08,"Haley Cobb","Louisiana State University",2023,0,3,0,6
47,4,0.00871826445981822,2.68844115711144e-16,1.07945793385453e-09,0.741953733464832,1.61366073395293e-11,0.000592851669253226,3.1328855728896e-06,3.48987012543178e-14,0.248732016424887,7.63387555113757e-15,"Hanyi Haylee Min","University of Illinois Urbana-Champaign",2018,0,8,0,4.75
20,4,0.0213229378357683,1.25462194448028e-21,5.56712904789996e-09,0.519434034015615,8.66957748432962e-12,0.00316185302055459,1.9765990720616e-08,4.33008413863447e-13,0.456081149785839,5.12923320258536e-16,"Isaac Sabat","University of Houston",2016,0,10,1,4
62,4,4.86346822859676e-10,6.0262330399058e-28,8.32529976699996e-155,0.982825558235956,9.68344039904902e-35,8.24161570805019e-09,1.60168486556068e-09,6.77039511323083e-24,0.0171744314343962,6.51139245244849e-52,"James LeBreton","Pennsylvania State University",2002,0,24,2,5.875
52,4,0.00873357057792517,2.42437700467265e-12,3.40312690747435e-09,0.825026825443058,7.40672475025211e-10,0.000799654978901808,7.76648706493085e-05,6.8821664218598e-13,0.16536227997949,3.06363955279847e-12,"Jeffrey Olenick","University of Georgia",2020,0,6,0,4.66666666666667
118,4,0.00854155920482199,1.59568768722585e-05,1.83555559490664e-10,0.867163344165595,1.74745467682866e-07,0.000945639819105452,0.0167670728320886,1.24990960024877e-10,0.106566237992614,1.40548892708613e-08,"Jenna Van Fossen","Clemson University",2023,0,3,0,6
98,4,0.118128596000761,3.42587223105603e-18,6.71322798496635e-05,0.441656321262243,1.93755452567409e-07,0.0484613774137271,1.46766010711297e-07,1.97057053554196e-09,0.391686229825241,7.26144640454231e-10,"Josh Prasad","Colorado State University",2019,0,7,0,3.28571428571429
21,4,0.0194720917323324,1.99378585639035e-06,1.19326054505896e-09,0.825251252665576,1.31534060086199e-06,0.00298519071097694,0.0058184507253055,1.27393345436336e-09,0.146469562155471,1.40416686896529e-07,"Kaylee Litson","University of Houston",2023,0,3,0,5
96,4,0.00691466471239137,1.6557736412164e-14,1.41506041568157e-07,0.82538850842935,1.12270846893244e-10,0.000867445395563086,1.36964926451804e-05,4.26510018057079e-13,0.16681554335116,1.34848433012458e-13,"Keaton Fletcher","Colorado State University",2019,0,7,0,5.28571428571429
9,4,0.00237812161687074,2.82901321940205e-13,7.20691249419219e-09,0.884957616464136,7.53616421028325e-12,0.000182184592455108,5.78825074005707e-05,1.67315634132685e-14,0.112424187604383,6.32548474932651e-15,"Kevin Hoff","Michigan State University",2019,0,7,0,5
85,4,7.31591323948525e-36,9.92366206107476e-36,0,0.999999974562774,7.0422263393655e-63,2.54363031425594e-08,9.11265667607632e-13,6.84210134439136e-27,1.12937612769752e-14,1.36988563217581e-111,"Kevin Williams","University at Albany, SUNY",1984,0,42,2,6.69047619047619
92,4,0.000500346899647805,7.69560013930217e-05,1.63080316673029e-13,0.87425412364415,2.60987759577067e-11,1.46109424650945e-05,0.0867626442568434,3.89622147455641e-15,0.0383913182289016,3.32520690770771e-13,"Louis Hickman","Virginia Tech",2022,0,4,0,7.25
50,4,6.65549797769209e-08,5.22142760580275e-20,2.64635613989612e-35,0.989289587810752,1.08678892173616e-27,4.78664591086682e-09,2.76623111851019e-06,4.45371018429383e-24,0.0107075746165036,1.00983335044775e-37,"Malissa Clark","University of Georgia",2010,0,16,2,5.6875
37,4,5.12467521636477e-12,3.57870295752734e-26,1.88990921895748e-91,0.999723902215046,1.81135583143439e-35,3.29644494400747e-09,1.52512686319181e-08,2.50136272262275e-20,0.00027607923211562,5.2224610463468e-52,"Margaret Beier","Rice University",2004,0,22,2,5.81818181818182
121,4,4.28747193687345e-05,7.00374321461972e-19,6.03458276191378e-26,0.869115585690999,4.02523973205817e-21,2.6713653822676e-07,2.4313420633443e-06,1.90201903591016e-22,0.130838841111031,5.40017121617973e-28,"Marissa Shuffler","Clemson University",2013,0,13,2,5.46153846153846
2,4,6.38655372025616e-16,3.7753504381153e-14,8.92196815446199e-89,0.988967548152404,2.14813480756893e-45,9.02183241054153e-16,0.0110260324679673,3.79450499680516e-34,6.41937958966647e-06,3.03138659268084e-62,"Nathan Bowling","University of Central Florida",2005,0,21,2,7.52380952380952
6,4,4.65617359271468e-11,3.48172503052362e-15,2.59713822702689e-31,0.99889931936251,1.40190419658921e-33,5.4937699879734e-12,0.000836972206384678,3.30903985032906e-28,0.000263708379045745,7.72335702947249e-45,"Nathan T. Carter","Michigan State University",2010,0,16,2,6.75
90,4,0.0348114307502708,2.85445784174657e-07,2.73156809935948e-08,0.781485724194578,7.2652983223849e-06,0.00849069150833254,0.00218398181584546,1.39922142358291e-08,0.17301965782787,9.21851101264309e-07,"Paige Watson","Auburn University",2023,0,3,0,4.66666666666667
120,4,4.52956836373328e-08,6.0023615397436e-29,1.44109753431425e-44,0.992734518216414,1.88400993110948e-26,6.48844333606999e-06,3.22038134260317e-10,8.48689932931648e-15,0.00725894772251953,3.97794135832015e-39,"Patrick Rosopa","Clemson University",2007,0,19,2,5.05263157894737
56,4,7.53334474482101e-11,9.43332734971012e-27,1.37145330782166e-124,0.996881001810426,3.66064084651518e-35,3.53528265816402e-09,6.77094622081786e-09,6.82547271131533e-23,0.00311898780801122,6.82852756038266e-52,"Reeshad S. Dalal","George Mason University",2003,0,23,2,5.52173913043478
122,4,7.68611170084228e-19,1.35501160020686e-23,2.90657553754153e-170,0.999999056682122,2.14555177110332e-47,1.34037769012087e-12,7.04404527697668e-07,2.22457442027552e-23,2.38912010135136e-07,2.53281213633662e-70,"Robert R. Sinclair","Clemson University",2000,0,26,2,6.76923076923077
36,4,2.43279286932229e-09,2.28063045789556e-20,2.26693437096767e-22,0.998973448843051,9.16968711866391e-29,5.69192664349605e-09,2.42965386445001e-06,1.9042361407233e-21,0.00102411337836441,1.46016345440439e-39,"Sang Eun Woo","Purdue University",2010,0,16,2,6.1875
61,4,0.0900251119850042,2.96792106395128e-20,0.00252732489776766,0.455519564681486,2.89146275068656e-08,0.0547297061922503,2.83242829086952e-08,1.72263485718545e-09,0.397198233253027,2.89192225408934e-11,"Sarah Wittman","George Mason University",2018,0,8,0,3.5
57,4,5.74140587904286e-10,2.53788292439053e-23,6.38538352061362e-74,0.996704425737413,5.3639388975616e-33,1.06752482454857e-09,2.02642260014675e-07,3.68231441412784e-24,0.00329536997866098,7.44551115811495e-47,"Seth Kaplan","George Mason University",2006,0,20,2,5.6
113,4,5.05853792397264e-19,1.53704131452264e-23,1.17157924139232e-134,0.999999092435016,1.19272165981346e-46,2.32321437264628e-12,8.21936706386865e-07,3.19048682130602e-21,8.56259549445114e-08,7.47265236976181e-69,"Shane Connelly","University of Oklahoma",2001,0,25,2,7.52
17,4,5.31389265089524e-16,9.24922790890399e-27,6.65585946561694e-179,0.999990889862999,7.86787951128059e-43,1.34917863225972e-10,1.45723677100576e-08,1.02019652047799e-21,9.09542971454761e-06,1.46110438598145e-64,"Stephanie C. Payne","Texas A&M University",2000,0,26,2,6.23076923076923
31,4,1.77429421843986e-09,2.00788526268945e-30,1.60447923462661e-148,0.978149256179597,1.12486614883346e-32,2.14132426645818e-07,1.0239669708728e-10,2.56707769425328e-20,0.0218505278112855,9.28716990898116e-50,"Stephen Stark","University of South Florida",2002,0,24,2,5.16666666666667
59,4,0.20714796447747,1.55968930389629e-12,1.92741103843553e-05,0.387585260906145,0.000234109568891583,0.134716750458912,8.95491885267653e-06,1.17048392943762e-06,0.270261272639852,2.52424340034317e-05,"Yijue Liang","George Mason University",2022,0,4,0,3
51,4,0.00383244018725645,0.000135773574796739,9.69134372039007e-12,0.869037374569968,2.20344158194381e-08,0.000270774292642471,0.0482120325465255,8.77194950273127e-12,0.0785115813798962,1.39603545805726e-09,"Yimin He","University of Georgia",2023,0,3,0,6.66666666666667
123,4,5.88777617927939e-05,4.44756276628518e-13,1.28643099352403e-13,0.958458795983446,2.16563387676355e-17,8.41368301763915e-07,0.000269756717289871,4.53829829681094e-20,0.0412117281685964,5.32643861932466e-22,"Yisheng Peng","George Washington University",2017,0,9,1,5.55555555555556
18,4,0.0811199736740377,4.86088280642744e-13,1.04877294895691e-06,0.608658766337159,1.75002822195221e-06,0.0245950586700146,1.41051343354e-05,4.13727700930623e-09,0.285609247720376,4.55251431050251e-08,"Ze (Mia) Zhu","Texas A&M University",2021,0,5,0,3.6
39,5,3.12250088188284e-05,1.41096165734571e-97,1.84802612638655e-131,1.25767120025134e-26,0.991908686100009,3.74712332798078e-06,4.36851807946098e-58,3.96910050608112e-07,1.18839941427565e-13,0.00805594485767458,"Eden King","Rice University",2006,0,20,2,0.75
112,5,5.28531423723831e-08,3.40682709334892e-130,0,2.2552475596297e-43,0.994288193898407,3.21690169404489e-14,1.15289845523556e-83,6.23396498131185e-26,2.27349678641941e-20,0.00571175324841832,"Eric Day","University of Oklahoma",1998,0,27,2,0.851851851851852
41,5,2.64276545632828e-13,3.03629279531994e-154,0,1.38761687339385e-54,0.73666621179875,3.34410262383601e-19,5.80285700275338e-101,5.19237209325661e-28,1.13224119863983e-28,0.263333788200986,"Fred Oswald","Rice University",1998,0,28,2,0.392857142857143
124,5,0.00634048151462484,1.61064726546357e-97,1.5768507531691e-195,1.3523217078903e-24,0.993337187522506,0.00026677010475702,6.09199906883722e-57,5.48162436266739e-08,1.08566673315336e-10,5.55059333014806e-05,"Gelaye Debebe","George Washington University",2003,0,23,1,1.39130434782609
99,5,0.000117235956881664,4.43420194840949e-70,9.85969914579475e-32,9.13809771580988e-18,0.837605160848246,0.000796795439841734,1.58975237558359e-40,0.0036143983196368,1.47578451396488e-10,0.157866409287816,"Gwen Fisher","Colorado State University",2013,0,13,2,0.692307692307692
115,5,0.0209753051606897,2.11281280992451e-23,0.112121181199614,5.17701424302726e-05,0.317399030302522,0.236608078125198,4.0957076623622e-13,0.0347187528836383,0.000543793004042287,0.277582089181455,"Preston Lindsay","Rutgers University",2022,0,4,0,0.75
25,5,2.66379338389914e-14,6.49558048590894e-161,0,6.85896915915115e-57,0.988144925228348,2.4828125014017e-19,1.61946270890831e-105,7.0665918552731e-29,6.65088562451917e-30,0.0118550747716252,"Tammy Allen","University of South Florida",1996,0,30,2,0.5
3,6,0.0262578205717525,6.06412559701071e-64,1.95672334741187e-268,1.03580667369016e-08,1.07011050724129e-13,0.909836589035194,8.83426468504357e-32,3.31175132260562e-10,0.0639055797037044,1.55660990653267e-27,"Anita Blanchard","University of North Carolina at Charlotte",1999,0,27,2,2.96296296296296
108,6,0.190162769317219,3.36179387948115e-19,0.00183187006528912,0.0033757185725152,0.10928078876229,0.621815058596508,3.98180156204443e-10,0.00214731480104786,0.0171249301837094,0.0542615493032416,"Anna Gödöllei","CUNY Graduate Center",2022,0,4,0,1.25
101,6,0.186364272521171,3.73684789628968e-34,0.000158907130993218,0.0015706063715937,1.02096391955542e-06,0.7629786784965,1.10244489525093e-15,5.33302246729969e-06,0.0489211812840552,2.09299377606178e-10,"Clair Reynolds Kueny","Missouri University of Science & Technology",2015,0,11,1,2.81818181818182
49,6,9.66159394392725e-16,3.02795383288174e-77,0,1.32107931305034e-12,3.87474766407528e-27,0.999999725597004,4.15621847152802e-41,1.18885682916935e-40,2.74401673692119e-07,2.8513920682922e-64,"James Rounds","University of Illinois Urbana-Champaign",1982,0,44,2,4.20454545454546
44,6,0.0668995318683792,1.82851940236893e-21,0.0393515834866123,0.000412711949432707,0.246350068146934,0.46584010028845,1.05904917730335e-11,0.0146819355289339,0.00303428965478415,0.163429779065884,"Leo Alexander III","University of Illinois Urbana-Champaign",2022,0,4,0,0.75
46,6,1.66405365204079e-06,1.29435121842079e-55,3.62118539839718e-226,2.78850745969555e-05,2.9127998758656e-20,0.996057215469087,1.68319759917969e-25,6.83296822616698e-05,0.0038449057204025,1.32457141224103e-37,"Louise Fitzgerald","University of Illinois Urbana-Champaign",1982,0,27,2,4.07407407407407
54,6,0.285654259923755,4.29995067185092e-25,0.00033830765902694,0.00103155845495033,0.0144994234868398,0.679921399214383,1.20289012814343e-12,0.000154103028338431,0.0166493891248457,0.00175155910665849,"Melissa Robertson","University of Georgia",2020,0,6,0,1.5
53,6,0.0399579118032004,3.84295571409707e-35,0.032469843337143,1.01284910789121e-06,0.277051892467393,0.56632058142307,7.66000281095159e-19,0.0280547512390054,0.000161155090529146,0.0559828517905516,"Neal Outland","University of Georgia",2019,0,7,0,0.857142857142857
93,6,0.11915234152062,3.34852107991789e-20,0.0164454978388411,0.00141506181461559,0.162735173793626,0.5973259377718,8.30691228464174e-11,0.00649670244526054,0.00803460688644224,0.0883946778457257,"Ning Hsu","Virginia Tech",2022,0,4,0,1
11,6,0.000281159327103192,1.64962342425304e-70,3.15972029677958e-255,4.85402504822878e-11,4.87553269291712e-13,0.999528640059116,4.19033121662865e-36,1.42961479968882e-05,0.000175904416755682,4.9343450076928e-27,"Quinetta Roberson","Michigan State University",1999,0,27,2,3
29,6,3.02161254879855e-15,5.52721613079463e-81,0,4.77535466545596e-14,2.21856287411356e-25,0.999999885379274,9.20730607819126e-44,1.01865550186193e-40,1.14620675798087e-07,1.04284095851613e-61,"Steve W. J. Kozlowski","University of South Florida",1982,0,44,2,4.18181818181818
81,6,0.18579479925742,1.35098372678811e-18,0.0120110685124206,0.00605896378735732,0.0680936573031745,0.677221233451852,1.08790408842431e-09,0.00215534732406799,0.0222275780791437,0.0264373511966599,"Vanessa Burke","Louisiana State University",2022,0,4,0,1.5
60,7,3.14371127465788e-32,3.50765647030893e-08,3.34991602421754e-110,0.000423068756081663,1.03764040007639e-69,1.2292595372832e-26,0.999576896167353,4.71204052080963e-42,4.29187242130853e-16,1.212046258663e-94,"Deborah E. Rupp","George Mason University",2002,0,24,2,9.91666666666667
5,7,3.86689643457447e-27,0.000148923588001037,7.75581006655336e-34,6.86068244247406e-06,4.88915214708087e-60,1.72727798820807e-27,0.999844215729549,1.84012835904352e-48,8.00940233144016e-15,3.42358706009271e-76,"Richard Landers","University of Minnesota",2009,0,17,2,10.5882352941176
43,7,2.9182671903649e-09,0.123984701184409,1.0815951344283e-20,0.0107368648953258,1.14615804329271e-21,7.28588011708112e-12,0.865258457994855,3.40805698895931e-26,1.9972999856864e-05,4.21615513633377e-25,"TianJun Sun","Rice University",2021,0,5,0,12.2
8,8,1.4162813211828e-94,8.17345246416123e-90,0,8.56463209605324e-36,1.81539245644507e-107,6.51723533984521e-35,4.97397206833343e-55,1,1.29732933379065e-67,5.53128442429864e-171,"Kevin Ford","Michigan State University",1983,0,43,2,10.2093023255814
38,8,8.72817686531113e-17,2.72418762292849e-93,2.2329638537828e-259,3.22038071746098e-23,1.10585607498577e-19,2.65024748013935e-07,3.13048253693906e-53,0.999999734975252,9.63012783097996e-18,1.4645732114867e-35,"Mikki Hebl","Rice University",1998,0,28,2,3.92857142857143
74,9,0.002246590724833,3.27119147665706e-29,1.29010055624753e-21,0.487657677462374,1.71268556668253e-16,0.00252929410742219,3.48426904454588e-11,6.03459491323813e-13,0.507566437669924,3.29234017338283e-24,"Alyssa McGonagle","University of North Carolina at Charlotte",2011,0,15,1,4.4
109,9,0.0344675582658359,1.00768858177454e-47,7.9752474343876e-170,7.17239968379631e-06,7.6457201831217e-18,0.000241895448208701,1.97855239257605e-22,3.47847003890832e-19,0.965283373886272,8.63101807258147e-29,"Charles Scherbaum","CUNY Graduate Center",2003,0,23,2,3.60869565217391
87,9,0.00011146316828228,2.56266943922972e-37,1.54296956110812e-115,0.0782541234145881,1.30751068381054e-22,0.000515295191063207,6.0029541459353e-15,2.1512911715421e-15,0.921119118226058,1.21492200163968e-35,"Jinyan Fan","Auburn University",2004,0,22,2,4.04545454545455
58,9,0.437568915903215,2.84236781819614e-29,2.38216736993276e-15,0.0158276413554621,1.00366578131972e-08,0.048859853034093,7.84496085223919e-13,5.94630861683985e-11,0.497743579608317,2.0048678575119e-12,"Lauren E. Kuykendall","George Mason University",2015,0,11,1,3.27272727272727
15,9,7.90620993192812e-05,5.77211145939069e-44,9.83809834213836e-180,0.0222382207303551,3.88596336753536e-22,0.0316312063672819,2.23492695218321e-18,1.17315069363083e-11,0.946051510791312,9.45983628083308e-38,"Mindy Bergman","Texas A&M University",2001,0,25,2,4.4
77,9,0.00253536756698321,6.4225493767878e-57,0,1.06891333104515e-06,3.46830377854909e-19,0.0334749954210499,2.57589579503121e-27,4.03785035831144e-17,0.963988568098636,6.49239811581698e-36,"Vicki Magley","University of Connecitcut",1997,0,29,2,3.68965517241379
111,10,1.20294389638544e-13,4.84052138622462e-111,4.22405931863355e-79,2.42192745459023e-37,0.0412243248898701,7.61273808407258e-13,1.69106554235083e-70,2.1244937890457e-07,2.25273282408423e-24,0.958775462659869,"Adrienne Carter-Sowell","University of Oklahoma",2010,0,16,2,0.0625
32,10,5.53239156715603e-05,8.03099200328088e-32,0.0245146204393882,2.3105446094986e-09,0.206638870697853,0.00268582083169574,1.73066869074954e-19,0.0822058476069947,1.36732881762083e-07,0.68389937746497,"Alexandra Harris-Watson","Purdue University",2022,0,4,0,0
69,10,1.1184582227384e-16,1.6317240422768e-172,0,2.1837280411755e-65,0.0992642444290764,1.45061011573256e-25,6.46139435961152e-116,2.4141016813434e-40,1.41296712526526e-34,0.900735755570923,"Barbara Fritzsche","University of Central Florida",1996,0,30,1,0.333333333333333
19,10,3.34075740489073e-15,7.79616485922801e-124,1.53112790804544e-115,7.3615773776179e-43,0.0241474693968608,3.16693578997528e-15,1.52562911386522e-79,4.08678926778243e-10,2.24152528936218e-27,0.975852530194454,"Bradley Brummel","University of Houston",2008,1,18,1,0.0555555555555555
73,10,8.72334517538926e-09,1.0810986816748e-70,1.36923529609157e-22,7.96839480669415e-22,0.139514043750579,5.37166253493386e-07,1.67522090949178e-43,0.00182374697620019,3.21687539409659e-15,0.858661663383619,"Brent Reed","University of North Carolina at Charlotte",2013,0,10,1,0.1
13,10,2.12945950229898e-08,1.12949617935094e-60,6.21910317693159e-09,1.04762458202249e-18,0.133294175157088,4.60766127726278e-06,2.52918645920587e-37,0.0343716916750533,8.1354800579407e-14,0.832329497992802,"Chris Wiese","Georgia institute of technology",2018,0,8,1,0
10,10,8.96569006965345e-13,2.34434590913207e-104,3.41504509288583e-67,9.46889327966184e-35,0.0402958725748186,5.56659714744915e-12,5.68239312090675e-66,3.31924585261434e-07,8.26282477302785e-23,0.959703795494133,"Christopher Nye","Michigan State University",2011,0,15,1,0.0666666666666667
119,10,1.46110871428968e-22,1.26235963983089e-187,0,4.48049754962417e-77,2.77451443155668e-05,1.11100451353614e-34,1.4491064364536e-129,9.76786713767579e-52,4.98326457831187e-43,0.999972254855684,"Cindy Pury","Clemson University",1997,0,29,2,0.0344827586206897
97,10,7.48959698217265e-06,3.68959996586722e-39,0.00545802610177793,1.22832451501806e-11,0.190925427956177,0.000642206553436713,6.13998303397772e-24,0.0800223777652135,3.71102041973117e-09,0.722944468303109,"Danielle Gardner","Colorado State University",2021,0,5,0,0
83,10,7.19357060184766e-11,2.29131697950127e-94,1.13699201331244e-50,5.10733475460308e-30,0.114578329961904,1.13082262701977e-09,1.07276227258106e-58,2.87410721223933e-05,9.93956847200969e-20,0.885392927763215,"Dev Dalal","University at Albany, SUNY",2012,0,14,1,0.142857142857143
114,10,8.45661537464204e-19,3.40824426152641e-154,1.05906660799148e-260,1.36817663392058e-57,0.00254904443302245,1.09828505236145e-22,3.17656510376307e-102,7.04941472912465e-23,1.13217800478233e-34,0.997450955566978,"Jennifer Kisamore","University of Oklahoma",2003,0,23,2,0.0434782608695652
89,10,0.00664754238774084,9.52570818308984e-21,0.0125699723730564,2.95542295015939e-05,0.306927553164518,0.0686667220026731,2.70667233611116e-12,0.0365792513709149,0.000210771855075926,0.568368632613813,"John Schmidt","Auburn University",2023,0,3,0,0.333333333333333
4,10,2.12945950229898e-08,1.12949617935094e-60,6.21910317693159e-09,1.04762458202249e-18,0.133294175157088,4.60766127726278e-06,2.52918645920587e-37,0.0343716916750533,8.1354800579407e-14,0.832329497992802,"Kimberly French","Colorado State University",2018,0,8,1,0
110,10,5.70160765305114e-20,3.09936775169524e-176,0,4.18203950771475e-70,0.000276113441008076,2.35292792228374e-30,3.72241401020641e-120,2.43214903135888e-44,6.97746955125947e-39,0.999723886558992,"Kristin Sommer","CUNY Graduate Center",1998,0,28,2,0.142857142857143
78,10,0.000419019304988078,2.12557585642448e-24,0.0447972004842245,3.96787631459986e-07,0.219896581857626,0.0101648785730459,4.82282029765716e-15,0.0791993365241803,5.12671290146193e-06,0.645517459755398,"Lorena Solis","University of Connecitcut",2023,0,3,0,0
68,10,1.20007302717429e-19,2.88218672859532e-164,0,5.35179164693081e-63,0.00101283910339877,8.76497726039601e-26,3.63328383562948e-110,2.69394194806603e-30,7.60546916244234e-37,0.998987160896601,"Mark Ehrhart","University of Central Florida",2001,0,25,2,0.08
26,10,4.52621716882172e-12,2.32528905235012e-110,7.62786384442338e-93,4.29209206174616e-36,0.111438603156049,6.79836507675901e-12,1.86553979455046e-69,6.2863110868464e-08,1.19105355998246e-22,0.888561333969515,"Michael Gillespie","University of South Florida",2009,0,17,1,0.176470588235294
71,10,5.17954081260866e-14,4.9404033105814e-108,4.47477619235675e-67,1.09804243356281e-36,0.0248771826351039,6.81156963523608e-13,9.07513406077418e-69,4.8881230142268e-07,1.82578861621525e-24,0.975122328551862,"Mindy Shoss","University of Central Florida",2011,0,15,2,0
42,10,7.48959698217265e-06,3.68959996586722e-39,0.00545802610177793,1.22832451501806e-11,0.190925427956177,0.000642206553436713,6.13998303397772e-24,0.0800223777652135,3.71102041973117e-09,0.722944468303109,"Rebecca Brossoit","Rice University",2021,0,5,0,0
14,10,2.92966233863689e-27,7.07551094163993e-235,0,1.07082017411861e-110,6.8728747570257e-09,1.19746405966499e-58,1.11149836894239e-172,2.07643286421206e-130,6.06052848929758e-55,0.999999993127125,"Winfred Arthur, Jr.","Texas A&M University",1987,0,39,2,0.0512820512820513
107,10,3.50538417068874e-20,7.800725123671e-166,0,8.93666467035129e-64,0.000881189573215435,4.20145012084231e-26,2.49813443510673e-111,5.12728670679131e-30,1.51574723290737e-37,0.999118810426785,"Yochi Cohen-Charash","CUNY Graduate Center",2001,0,25,2,0.04
