"faculty_id","class_assignment","posterior_class_1","posterior_class_2","posterior_class_3","posterior_class_4","faculty_name","university","career_start_year","never_asst_prof","career_length","n_promotions","mean_pub_count"
1,1,0.999999999869428,1.7952378366652e-22,4.79844009798972e-20,1.30572210078268e-10,"Bo Zhang","University of Illinois Urbana-Champaign",2020,0,6,1,14.8333333333333
16,1,0.996590447597455,6.51522872388441e-08,3.86739130533762e-07,0.00340910051112717,"Ian Hughes","Texas A&M University",2023,0,3,0,13.3333333333333
35,1,1,1.22405000609175e-42,3.92102244208358e-65,2.85195178687942e-37,"Louis Tay","Purdue University",2013,0,13,2,17.8461538461538
125,1,1,0,2.21960697292696e-81,1.83002627572412e-38,"Nils Olsen","George Washington University",2002,0,24,1,15
43,1,0.999925641654853,3.25003311252039e-13,5.76205615525806e-11,7.43582872009772e-05,"TianJun Sun","Rice University",2021,0,5,0,12.2
23,1,1,5.32854115827266e-30,1.16602996814179e-27,8.07002150263007e-17,"Xiaowen Chen","Saint Louis University",2021,0,5,0,19.6
116,2,0,1,0,0,"Cong Liu","Rutgers University",2003,0,23,2,25.6521739130435
111,3,2.06273872365137e-87,1.48572323327599e-58,0.999999984770675,1.5229325056148e-08,"Adrienne Carter-Sowell","University of Oklahoma",2010,0,16,2,0.0625
55,3,5.28324360374638e-41,0.000380197834430689,0.968464871672963,0.0311549304926066,"Afra Saeed Ahmad","George Mason University",2016,0,10,1,2.1
32,3,2.01622430532838e-15,0.0206547774102422,0.947685899717821,0.0316593228719351,"Alexandra Harris-Watson","Purdue University",2022,0,4,0,0
100,3,4.61946494380282e-58,1.99843074711094e-154,0.999838687988561,0.000161312011439241,"Alyssa Gibbons","Colorado State University",2007,0,15,1,2
3,3,8.80606965466032e-69,0,0.999990278230931,9.72176906868383e-06,"Anita Blanchard","University of North Carolina at Charlotte",1999,0,27,2,2.96296296296296
108,3,2.63725697748643e-13,0.0216498311487263,0.85557810672586,0.12277206212515,"Anna Gödöllei","CUNY Graduate Center",2022,0,4,0,1.25
69,3,4.34218314032079e-110,0,1,1.24245398542835e-21,"Barbara Fritzsche","University of Central Florida",1996,0,30,1,0.333333333333333
19,3,3.20925544167276e-96,7.55851595301033e-122,0.999999999510454,4.89545611502458e-10,"Bradley Brummel","University of Houston",2008,1,18,1,0.0555555555555555
73,3,1.13075255077835e-50,3.68791277804941e-09,0.999940143762584,5.98525495034986e-05,"Brent Reed","University of North Carolina at Charlotte",2013,0,10,1,0.1
67,3,4.52654499060484e-60,9.46328310836132e-33,0.9682186558796,0.0317813441204004,"C. Shawn Burke","University of Central Florida",2011,1,15,1,2.66666666666667
109,3,2.73738245015674e-61,0,0.947954092830662,0.0520459071693382,"Charles Scherbaum","CUNY Graduate Center",2003,0,23,2,3.60869565217391
13,3,3.63763624697968e-38,0.0131472573423464,0.986302520431807,0.000550222225846049,"Chris Wiese","Georgia institute of technology",2018,0,8,1,0
10,3,2.01620601701092e-82,2.73983159570109e-39,0.999999929657656,7.03423439701014e-08,"Christopher Nye","Michigan State University",2011,0,15,1,0.0666666666666667
119,3,4.66693051248491e-108,0,1,4.1724637561949e-22,"Cindy Pury","Clemson University",1997,0,29,2,0.0344827586206897
101,3,5.9805823883796e-40,0.000699716874179867,0.690733751010507,0.308566532115313,"Clair Reynolds Kueny","Missouri University of Science & Technology",2015,0,11,1,2.81818181818182
97,3,2.07077444777005e-20,0.0219658818044341,0.965682179251141,0.0123519389444254,"Danielle Gardner","Colorado State University",2021,0,5,0,0
83,3,5.26656398713632e-76,1.72589354562121e-25,0.999999537199758,4.62800242391228e-07,"Dev Dalal","University at Albany, SUNY",2012,0,14,1,0.142857142857143
106,3,1.07714754837294e-10,0.0118456993371789,0.532343892626607,0.4558104079285,"Dia Chatterjee","CUNY Graduate Center",2022,0,4,0,2.75
39,3,1.32729974268172e-94,2.65295234558198e-227,0.999999998480877,1.51912337854391e-09,"Eden King","Rice University",2006,0,20,2,0.75
112,3,2.0907213067696e-96,0,1,2.59242459789346e-16,"Eric Day","University of Oklahoma",1998,0,27,2,0.851851851851852
41,3,2.58776024065284e-104,0,1,1.03088799248102e-18,"Fred Oswald","Rice University",1998,0,28,2,0.392857142857143
124,3,1.76722149437883e-89,0,0.999999997936645,2.06335544678104e-09,"Gelaye Debebe","George Washington University",2003,0,23,1,1.39130434782609
99,3,4.43580361546379e-66,3.79459337619833e-15,0.999980450577362,1.95494226337799e-05,"Gwen Fisher","Colorado State University",2013,0,13,2,0.692307692307692
49,3,0,0,0.999999999998558,1.44166062652712e-12,"James Rounds","University of Illinois Urbana-Champaign",1982,0,44,2,4.20454545454546
114,3,9.7326684444143e-107,0,0.999999999999987,1.31017589586404e-14,"Jennifer Kisamore","University of Oklahoma",2003,0,23,2,0.0434782608695652
89,3,1.13697618420407e-10,0.0210112191030944,0.880744515335862,0.0982442654473458,"John Schmidt","Auburn University",2023,0,3,0,0.333333333333333
4,3,3.63763624697968e-38,0.0131472573423464,0.986302520431807,0.000550222225846049,"Kimberly French","Colorado State University",2018,0,8,1,0
110,3,4.12622828293849e-105,0,1,3.2913147771531e-20,"Kristin Sommer","CUNY Graduate Center",1998,0,28,2,0.142857142857143
44,3,4.98165990728707e-14,0.0181981236901659,0.907731237158935,0.074070639150849,"Leo Alexander III","University of Illinois Urbana-Champaign",2022,0,4,0,0.75
78,3,4.96331399791273e-11,0.0188506362593078,0.905025938342886,0.0761234253481728,"Lorena Solis","University of Connecitcut",2023,0,3,0,0
68,3,2.1416910417887e-106,0,1,1.15680119525193e-16,"Mark Ehrhart","University of Central Florida",2001,0,25,2,0.08
54,3,1.31401947891996e-21,0.0214018693741136,0.913849975815564,0.0647481548103223,"Melissa Robertson","University of Georgia",2020,0,6,0,1.5
26,3,4.91358485461517e-91,4.35585355103756e-85,0.999999994504938,5.49506223440544e-09,"Michael Gillespie","University of South Florida",2009,0,17,1,0.176470588235294
71,3,7.57622337728011e-83,2.66359540588502e-39,0.999999947361016,5.26389838579734e-08,"Mindy Shoss","University of Central Florida",2011,0,15,2,0
53,3,1.1134709379217e-28,0.0209499895550629,0.968585127328409,0.0104648831165283,"Neal Outland","University of Georgia",2019,0,7,0,0.857142857142857
93,3,1.4020289282976e-13,0.018388063478002,0.884403378135533,0.0972085583863245,"Ning Hsu","Virginia Tech",2022,0,4,0,1
115,3,5.55965298384238e-14,0.016996902940173,0.908309892450308,0.0746932046094637,"Preston Lindsay","Rutgers University",2022,0,4,0,0.75
11,3,1.34699509059172e-80,0,0.999878293788793,0.000121706211207538,"Quinetta Roberson","Michigan State University",1999,0,27,2,3
42,3,2.07077444777005e-20,0.0219658818044341,0.965682179251141,0.0123519389444254,"Rebecca Brossoit","Rice University",2021,0,5,0,0
24,3,2.37872437481914e-86,0,0.999999999999696,3.03728486098623e-13,"Richard D. Harvey","Saint Louis University",1995,1,31,0,2.19354838709677
72,3,1.36639318858947e-28,0.0100453471953634,0.832789136900629,0.157165515904007,"Shiyang Su","University of Central Florida",2018,0,8,0,2.375
29,3,0,0,0.999999999999478,5.21594628992267e-13,"Steve W. J. Kozlowski","University of South Florida",1982,0,44,2,4.18181818181818
84,3,8.05079493204869e-72,0,0.999999994608508,5.39149238260154e-09,"Sylvia Roch","University at Albany, SUNY",1997,0,29,2,2.6551724137931
25,3,7.73327319461123e-112,0,1,1.89384235020403e-20,"Tammy Allen","University of South Florida",1996,0,30,2,0.5
126,3,1.37808438899425e-11,0.0173063567080889,0.669187341825981,0.313506301452149,"Tiffany Bisbey","George Washington University",2022,0,4,0,2.25
103,3,4.23406136852739e-22,0.0151868246282961,0.94490331463124,0.0399098607404637,"Vahe Permzadian","Missouri University of Science & Technology",2020,0,6,0,1.16666666666667
81,3,1.38522968896861e-12,0.0147777898590049,0.819318459025374,0.165903751114236,"Vanessa Burke","Louisiana State University",2022,0,4,0,1.5
77,3,1.14204857000685e-62,0,0.998655056510641,0.00134494348935864,"Vicki Magley","University of Connecitcut",1997,0,29,2,3.68965517241379
14,3,1.21902889362268e-260,0,1,5.20961226251385e-41,"Winfred Arthur, Jr.","Texas A&M University",1987,0,39,2,0.0512820512820513
107,3,2.09136049459732e-107,0,1,8.2402917581495e-17,"Yochi Cohen-Charash","CUNY Graduate Center",2001,0,25,2,0.04
64,4,1.56379810062831e-63,0,2.46000908371191e-07,0.999999753999092,"Alicia Grandey","Pennsylvania State University",1999,0,27,2,5.18518518518519
74,4,7.68562850857008e-48,4.36923292612234e-19,0.00186247295144116,0.998137527048559,"Alyssa McGonagle","University of North Carolina at Charlotte",2011,0,15,1,4.4
105,4,0.000729804453391156,0.000887904823830392,0.0429291853790551,0.955453105343723,"Andrea Bazzoli","CUNY Graduate Center",2023,0,3,0,6.33333333333333
79,4,4.47877370323227e-34,6.84570801482844e-13,1.5182057833994e-06,0.999998481793532,"Asia A. Eaton","Florida International University",2012,0,14,2,6
34,4,5.01568850560073e-22,4.7297393605914e-11,6.04114775761027e-08,0.999999939541225,"Brooke N. Macnamara","Purdue University",2014,0,12,1,7.5
95,4,1.32260748642209e-33,6.5572361658287e-255,9.9272860670094e-12,0.999999999990073,"Bryan Dik","Colorado State University",2005,0,21,2,7.0952380952381
91,4,1.69012317633845e-25,0.00045858739678491,0.021535552094198,0.978005860509017,"Charles Calderwood","Virginia Tech",2017,0,9,1,4.44444444444444
70,4,2.30977327535269e-19,0.00316070828619734,0.140824969235848,0.856014322477954,"Chelsea LeNoble","University of Central Florida",2019,0,7,0,3.85714285714286
7,4,1.39107674024551e-34,1.57672985854671e-233,1.32987908523466e-12,0.99999999999867,"Chu-Hsiang (Daisy) Chang","Michigan State University",2005,0,21,2,7.14285714285714
30,4,0.000123336732780257,0.00283759241700949,0.0607110284599288,0.936328042390282,"Claire E. Smith","University of South Florida",2023,0,3,0,6
48,4,6.70310536073161e-40,3.02950393486095e-240,1.42076920568215e-10,0.999999999857923,"Daniel A Newman","University of Illinois Urbana-Champaign",2005,0,21,2,6.57142857142857
27,4,1.64494432853254e-07,0.0133521189377648,0.460352379863634,0.526295336704168,"Daniel Griffin","University of South Florida",2023,0,3,0,3
40,4,3.63260814069708e-19,3.46992946622547e-05,0.0058049527485244,0.994160347956813,"Danielle King","Rice University",2018,0,8,1,5.125
60,4,8.69038168864778e-12,0,4.79421917899918e-25,0.99999999999131,"Deborah E. Rupp","George Mason University",2002,0,24,2,9.91666666666667
22,4,1.50690264374787e-09,0.000681367269569897,0.0313366126888033,0.967982018534724,"Denise Reyes","University of Houston",2021,0,5,0,5.2
80,4,2.97807883634904e-27,0.000261322846642957,0.00385518375361703,0.99588349339974,"Don Zhang","Louisiana State University",2016,0,10,1,4.8
33,4,6.51750060901535e-14,1.33465889627039e-05,6.93715940281146e-05,0.999917281816944,"Franki Y. H. Kung","Purdue University",2018,0,8,1,6.875
45,4,0,0,1.39096611390397e-17,1,"Fritz Drasgow","University of Illinois Urbana-Champaign",1982,0,40,2,7.325
88,4,1.70085475167956e-16,0.000673815778990908,0.0220680477059081,0.977258136515101,"Gargi Sawhney","Auburn University",2019,0,7,1,4.71428571428571
82,4,0.000266116512178038,0.0014290569479309,0.0577950499584518,0.940509776581439,"Haley Cobb","Louisiana State University",2023,0,3,0,6
47,4,1.80071253183337e-20,0.000238564882586079,0.0144664675783451,0.985294967539069,"Hanyi Haylee Min","University of Illinois Urbana-Champaign",2018,0,8,0,4.75
20,4,7.13703621790467e-31,0.000961845738826747,0.0517845157585944,0.947253638502579,"Isaac Sabat","University of Houston",2016,0,10,1,4
62,4,1.22631925338319e-38,0,2.16338957258847e-08,0.999999978366104,"James LeBreton","Pennsylvania State University",2002,0,24,2,5.875
52,4,1.73428156352421e-13,0.000474343643035803,0.0426190074518434,0.956906648904947,"Jeffrey Olenick","University of Georgia",2020,0,6,0,4.66666666666667
118,4,0.000149195816933195,0.00253276609014356,0.0598456661509959,0.937472371941927,"Jenna Van Fossen","Clemson University",2023,0,3,0,6
87,4,3.79574931441996e-60,0,0.0619266697099134,0.938073330290087,"Jinyan Fan","Auburn University",2004,0,22,2,4.04545454545455
98,4,4.56383676181133e-20,0.00667916120637882,0.310486122864793,0.682834715928828,"Josh Prasad","Colorado State University",2019,0,7,0,3.28571428571429
21,4,1.29563796362663e-05,0.00616809760107788,0.134060887857593,0.859758058161693,"Kaylee Litson","University of Houston",2023,0,3,0,5
96,4,2.05909300803945e-14,0.000342496734719303,0.00558307951234575,0.994074423752914,"Keaton Fletcher","Colorado State University",2019,0,7,0,5.28571428571429
8,4,0,0,3.97411388981211e-57,1,"Kevin Ford","Michigan State University",1983,0,43,2,10.2093023255814
9,4,1.76595145755793e-15,0.000275591335263956,0.0114625453171987,0.988261863347536,"Kevin Hoff","Michigan State University",2019,0,7,0,5
85,4,0,0,2.87942945061593e-14,0.999999999999971,"Kevin Williams","University at Albany, SUNY",1984,0,42,2,6.69047619047619
58,4,3.38355981339996e-39,2.53425973865126e-05,0.428976789072111,0.570997868330502,"Lauren E. Kuykendall","George Mason University",2015,0,11,1,3.27272727272727
92,4,0.000155897183676887,0.000136064675298642,0.00576857135394273,0.993939466787082,"Louis Hickman","Virginia Tech",2022,0,4,0,7.25
46,4,1.38137862792104e-67,0,0.0321976418334984,0.967802358166502,"Louise Fitzgerald","University of Illinois Urbana-Champaign",1982,0,27,2,4.07407407407407
50,4,3.59841903230335e-42,6.80630976153501e-43,4.12029763933975e-06,0.999995879702361,"Malissa Clark","University of Georgia",2010,0,16,2,5.6875
37,4,3.25926326677314e-47,0,9.99324867076905e-09,0.999999990006751,"Margaret Beier","Rice University",2004,0,22,2,5.81818181818182
121,4,2.519700745227e-36,7.65958492545115e-16,0.000137204995736512,0.999862795004263,"Marissa Shuffler","Clemson University",2013,0,13,2,5.46153846153846
38,4,1.57037068215974e-98,0,0.00229476095452544,0.997705239045475,"Mikki Hebl","Rice University",1998,0,28,2,3.92857142857143
15,4,8.95761250042321e-55,0,0.00428803466400227,0.995711965335998,"Mindy Bergman","Texas A&M University",2001,0,25,2,4.4
2,4,1.40823832837652e-29,3.0237710011071e-256,5.41063873386224e-13,0.999999999999459,"Nathan Bowling","University of Central Florida",2005,0,21,2,7.52380952380952
6,4,5.03868449623675e-34,2.57549045496547e-39,8.30364784340267e-09,0.999999991696352,"Nathan T. Carter","Michigan State University",2010,0,16,2,6.75
90,4,1.18650965643201e-05,0.00452375807860516,0.165196775499106,0.830267601325724,"Paige Watson","Auburn University",2023,0,3,0,4.66666666666667
120,4,3.02988376477823e-53,2.57889646498937e-107,4.92528132864657e-06,0.999995074718671,"Patrick Rosopa","Clemson University",2007,0,19,2,5.05263157894737
56,4,1.17083574083974e-47,0,3.81924586645158e-07,0.999999618075413,"Reeshad S. Dalal","George Mason University",2003,0,23,2,5.52173913043478
5,4,1.62139704832625e-08,7.40337335811547e-42,2.63492738733065e-19,0.99999998378603,"Richard Landers","University of Minnesota",2009,0,17,2,10.5882352941176
122,4,8.83515689358124e-39,0,1.14096475286221e-13,0.999999999999886,"Robert R. Sinclair","Clemson University",2000,0,26,2,6.76923076923077
36,4,1.90916487918821e-37,4.22723693150755e-29,5.65667562011689e-08,0.999999943433244,"Sang Eun Woo","Purdue University",2010,0,16,2,6.1875
61,4,4.01403466788399e-23,0.00885133554129602,0.184292671087161,0.806855993371543,"Sarah Wittman","George Mason University",2018,0,8,0,3.5
57,4,2.28466438396651e-48,5.21165939736201e-184,6.79142331724123e-07,0.999999320857668,"Seth Kaplan","George Mason University",2006,0,20,2,5.6
113,4,1.21961574827129e-25,0,1.78732521724449e-16,1,"Shane Connelly","University of Oklahoma",2001,0,25,2,7.52
17,4,7.03687166920141e-42,0,6.14871597381954e-11,0.999999999938513,"Stephanie C. Payne","Texas A&M University",2000,0,26,2,6.23076923076923
31,4,2.75494610141136e-49,0,6.0713967793854e-06,0.999993928603221,"Stephen Stark","University of South Florida",2002,0,24,2,5.16666666666667
59,4,4.92108122795694e-10,0.0074092353560167,0.449465072781982,0.543125691369893,"Yijue Liang","George Mason University",2022,0,4,0,3
51,4,0.000441989590441728,0.00201479299201731,0.0352053733040026,0.962337844113539,"Yimin He","University of Georgia",2023,0,3,0,6.66666666666667
123,4,1.14514880375846e-21,3.57701131826261e-05,0.000984858872667688,0.99897937101415,"Yisheng Peng","George Washington University",2017,0,9,1,5.55555555555556
18,4,3.80496224174133e-12,0.00409032555352039,0.251132363086875,0.7447773113558,"Ze (Mia) Zhu","Texas A&M University",2021,0,5,0,3.6
